interv_measure,scene,object_value,min_coverage,year
1,1,500,,1
1,1,1000,,1
1,1,1500,,1
1,1,2000,0,1
1,1,2500,0,1
1,2,500,,1
1,2,1000,,1
1,2,1500,,1
1,2,2000,,1
1,2,2500,,1
1,3,500,,1
1,3,1000,,1
1,3,1500,,1
1,3,2000,,1
1,3,2500,,1
1,4,500,,1
1,4,1000,,1
1,4,1500,,1
1,4,2000,,1
1,4,2500,,1
1,5,500,,1
1,5,1000,,1
1,5,1500,,1
1,5,2000,,1
1,5,2500,,1
1,6,500,,1
1,6,1000,,1
1,6,1500,,1
1,6,2000,,1
1,6,2500,,1
1,1,500,,3
1,1,1000,,3
1,1,1500,0.680708249,3
1,1,2000,0,3
1,1,2500,0,3
1,2,500,,3
1,2,1000,,3
1,2,1500,,3
1,2,2000,,3
1,2,2500,,3
1,3,500,,3
1,3,1000,,3
1,3,1500,,3
1,3,2000,,3
1,3,2500,,3
1,4,500,,3
1,4,1000,,3
1,4,1500,,3
1,4,2000,,3
1,4,2500,,3
1,5,500,,3
1,5,1000,,3
1,5,1500,,3
1,5,2000,,3
1,5,2500,,3
1,6,500,,3
1,6,1000,,3
1,6,1500,,3
1,6,2000,,3
1,6,2500,,3
1,1,500,,5
1,1,1000,0.954201476,5
1,1,1500,0.488426738,5
1,1,2000,0,5
1,1,2500,0,5
1,2,500,,5
1,2,1000,,5
1,2,1500,,5
1,2,2000,,5
1,2,2500,0.826557389,5
1,3,500,,5
1,3,1000,,5
1,3,1500,,5
1,3,2000,,5
1,3,2500,,5
1,4,500,,5
1,4,1000,,5
1,4,1500,,5
1,4,2000,,5
1,4,2500,,5
1,5,500,,5
1,5,1000,,5
1,5,1500,,5
1,5,2000,,5
1,5,2500,,5
1,6,500,,5
1,6,1000,,5
1,6,1500,,5
1,6,2000,,5
1,6,2500,,5
2,1,500,0.265343735,1
2,1,1000,0.1630557,1
2,1,1500,0.096006875,1
2,1,2000,0,1
2,1,2500,0,1
2,2,500,,1
2,2,1000,0.283045394,1
2,2,1500,0.213394313,1
2,2,2000,0.166839881,1
2,2,2500,0.13778833,1
2,3,500,,1
2,3,1000,,1
2,3,1500,0.367812583,1
2,3,2000,0.262662504,1
2,3,2500,0.224666549,1
2,4,500,,1
2,4,1000,,1
2,4,1500,,1
2,4,2000,0.31080407,1
2,4,2500,0.262319304,1
2,5,500,,1
2,5,1000,,1
2,5,1500,,1
2,5,2000,,1
2,5,2500,,1
2,6,500,,1
2,6,1000,,1
2,6,1500,,1
2,6,2000,,1
2,6,2500,,1
2,1,500,0.183829715,3
2,1,1000,0.105530445,3
2,1,1500,0.061137969,3
2,1,2000,0,3
2,1,2500,0,3
2,2,500,,3
2,2,1000,0.198280529,3
2,2,1500,0.143905916,3
2,2,2000,0.115445074,3
2,2,2500,0.09160878,3
2,3,500,,3
2,3,1000,,3
2,3,1500,0.243370464,3
2,3,2000,0.181647547,3
2,3,2500,0.154433091,3
2,4,500,,3
2,4,1000,,3
2,4,1500,0.436264485,3
2,4,2000,0.214663613,3
2,4,2500,0.178774283,3
2,5,500,,3
2,5,1000,,3
2,5,1500,,3
2,5,2000,,3
2,5,2500,0.308283526,3
2,6,500,,3
2,6,1000,,3
2,6,1500,,3
2,6,2000,,3
2,6,2500,,3
2,1,500,0.17316579,5
2,1,1000,0.093424829,5
2,1,1500,0.053007026,5
2,1,2000,0,5
2,1,2500,0,5
2,2,500,,5
2,2,1000,0.185816932,5
2,2,1500,0.130229493,5
2,2,2000,0.100843839,5
2,2,2500,0.080887072,5
2,3,500,,5
2,3,1000,,5
2,3,1500,0.22945699,5
2,3,2000,0.167931413,5
2,3,2500,0.140778062,5
2,4,500,,5
2,4,1000,,5
2,4,1500,0.32972083,5
2,4,2000,0.203068349,5
2,4,2500,0.16332725,5
2,5,500,,5
2,5,1000,,5
2,5,1500,,5
2,5,2000,,5
2,5,2500,0.283786076,5
2,6,500,,5
2,6,1000,,5
2,6,1500,,5
2,6,2000,,5
2,6,2500,,5
3,1,500,,1
3,1,1000,,1
3,1,1500,,1
3,1,2000,0,1
3,1,2500,0,1
3,2,500,,1
3,2,1000,,1
3,2,1500,,1
3,2,2000,,1
3,2,2500,,1
3,3,500,,1
3,3,1000,,1
3,3,1500,,1
3,3,2000,,1
3,3,2500,,1
3,4,500,,1
3,4,1000,,1
3,4,1500,,1
3,4,2000,,1
3,4,2500,,1
3,5,500,,1
3,5,1000,,1
3,5,1500,,1
3,5,2000,,1
3,5,2500,,1
3,6,500,,1
3,6,1000,,1
3,6,1500,,1
3,6,2000,,1
3,6,2500,,1
3,1,500,,3
3,1,1000,,3
3,1,1500,,3
3,1,2000,0,3
3,1,2500,0,3
3,2,500,,3
3,2,1000,,3
3,2,1500,,3
3,2,2000,,3
3,2,2500,,3
3,3,500,,3
3,3,1000,,3
3,3,1500,,3
3,3,2000,,3
3,3,2500,,3
3,4,500,,3
3,4,1000,,3
3,4,1500,,3
3,4,2000,,3
3,4,2500,,3
3,5,500,,3
3,5,1000,,3
3,5,1500,,3
3,5,2000,,3
3,5,2500,,3
3,6,500,,3
3,6,1000,,3
3,6,1500,,3
3,6,2000,,3
3,6,2500,,3
3,1,500,,5
3,1,1000,,5
3,1,1500,0.90418604,5
3,1,2000,0,5
3,1,2500,0,5
3,2,500,,5
3,2,1000,,5
3,2,1500,,5
3,2,2000,,5
3,2,2500,,5
3,3,500,,5
3,3,1000,,5
3,3,1500,,5
3,3,2000,,5
3,3,2500,,5
3,4,500,,5
3,4,1000,,5
3,4,1500,,5
3,4,2000,,5
3,4,2500,,5
3,5,500,,5
3,5,1000,,5
3,5,1500,,5
3,5,2000,,5
3,5,2500,,5
3,6,500,,5
3,6,1000,,5
3,6,1500,,5
3,6,2000,,5
3,6,2500,,5
4,1,500,,1
4,1,1000,,1
4,1,1500,,1
4,1,2000,0,1
4,1,2500,0,1
4,2,500,,1
4,2,1000,,1
4,2,1500,,1
4,2,2000,,1
4,2,2500,,1
4,3,500,,1
4,3,1000,,1
4,3,1500,,1
4,3,2000,,1
4,3,2500,,1
4,4,500,,1
4,4,1000,,1
4,4,1500,,1
4,4,2000,,1
4,4,2500,,1
4,5,500,,1
4,5,1000,,1
4,5,1500,,1
4,5,2000,,1
4,5,2500,,1
4,6,500,,1
4,6,1000,,1
4,6,1500,,1
4,6,2000,,1
4,6,2500,,1
4,1,500,,3
4,1,1000,,3
4,1,1500,,3
4,1,2000,0,3
4,1,2500,0,3
4,2,500,,3
4,2,1000,,3
4,2,1500,,3
4,2,2000,,3
4,2,2500,,3
4,3,500,,3
4,3,1000,,3
4,3,1500,,3
4,3,2000,,3
4,3,2500,,3
4,4,500,,3
4,4,1000,,3
4,4,1500,,3
4,4,2000,,3
4,4,2500,,3
4,5,500,,3
4,5,1000,,3
4,5,1500,,3
4,5,2000,,3
4,5,2500,,3
4,6,500,,3
4,6,1000,,3
4,6,1500,,3
4,6,2000,,3
4,6,2500,,3
4,1,500,,5
4,1,1000,,5
4,1,1500,,5
4,1,2000,0,5
4,1,2500,0,5
4,2,500,,5
4,2,1000,,5
4,2,1500,,5
4,2,2000,,5
4,2,2500,,5
4,3,500,,5
4,3,1000,,5
4,3,1500,,5
4,3,2000,,5
4,3,2500,,5
4,4,500,,5
4,4,1000,,5
4,4,1500,,5
4,4,2000,,5
4,4,2500,,5
4,5,500,,5
4,5,1000,,5
4,5,1500,,5
4,5,2000,,5
4,5,2500,,5
4,6,500,,5
4,6,1000,,5
4,6,1500,,5
4,6,2000,,5
4,6,2500,,5
12,1,500,0.234760486,1
12,1,1000,0.150294844,1
12,1,1500,0.090112823,1
12,1,2000,0,1
12,1,2500,0,1
12,2,500,0.422213661,1
12,2,1000,0.24450238,1
12,2,1500,0.201538267,1
12,2,2000,0.16494125,1
12,2,2500,0.131701588,1
12,3,500,0.713520186,1
12,3,1000,0.391322135,1
12,3,1500,0.28595594,1
12,3,2000,0.234993792,1
12,3,2500,0.212858826,1
12,4,500,0.770017776,1
12,4,1000,0.500942192,1
12,4,1500,0.322970913,1
12,4,2000,0.262968856,1
12,4,2500,0.241100523,1
12,5,500,0.868492115,1
12,5,1000,0.71149084,1
12,5,1500,0.544317639,1
12,5,2000,0.387764427,1
12,5,2500,0.310864694,1
12,6,500,0.91181374,1
12,6,1000,0.805873963,1
12,6,1500,0.694060226,1
12,6,2000,0.572379876,1
12,6,2500,0.449895038,1
12,1,500,0.164966848,3
12,1,1000,0.101375141,3
12,1,1500,0.058213361,3
12,1,2000,0,3
12,1,2500,0,3
12,2,500,0.327361919,3
12,2,1000,0.173929423,3
12,2,1500,0.133679291,3
12,2,2000,0.109716253,3
12,2,2500,0.088699295,3
12,3,500,0.614809656,3
12,3,1000,0.292795528,3
12,3,1500,0.202180737,3
12,3,2000,0.16598986,3
12,3,2500,0.142707095,3
12,4,500,0.67969857,3
12,4,1000,0.368529109,3
12,4,1500,0.231105996,3
12,4,2000,0.185290152,3
12,4,2500,0.161249973,3
12,5,500,0.800263525,3
12,5,1000,0.596050195,3
12,5,1500,0.400145557,3
12,5,2000,0.277056066,3
12,5,2500,0.222302588,3
12,6,500,0.857440669,3
12,6,1000,0.708233749,3
12,6,1500,0.561883809,3
12,6,2000,0.422353712,3
12,6,2500,0.310277727,3
12,1,500,0.150442565,5
12,1,1000,0.0874159,5
12,1,1500,0.049915655,5
12,1,2000,0,5
12,1,2500,0,5
12,2,500,0.296985818,5
12,2,1000,0.160317765,5
12,2,1500,0.120800298,5
12,2,2000,0.095465693,5
12,2,2500,0.076216722,5
12,3,500,0.55992851,5
12,3,1000,0.264831333,5
12,3,1500,0.185526228,5
12,3,2000,0.149446085,5
12,3,2500,0.128866589,5
12,4,500,0.628560293,5
12,4,1000,0.330872112,5
12,4,1500,0.213156869,5
12,4,2000,0.171031305,5
12,4,2500,0.146025494,5
12,5,500,0.756558284,5
12,5,1000,0.540379735,5
12,5,1500,0.353001069,5
12,5,2000,0.251792383,5
12,5,2500,0.206762638,5
12,6,500,0.821392941,5
12,6,1000,0.657751878,5
12,6,1500,0.50702031,5
12,6,2000,0.371486517,5
12,6,2500,0.284349088,5
13,1,500,,1
13,1,1000,,1
13,1,1500,,1
13,1,2000,0,1
13,1,2500,0,1
13,2,500,,1
13,2,1000,,1
13,2,1500,,1
13,2,2000,,1
13,2,2500,,1
13,3,500,,1
13,3,1000,,1
13,3,1500,,1
13,3,2000,,1
13,3,2500,,1
13,4,500,,1
13,4,1000,,1
13,4,1500,,1
13,4,2000,,1
13,4,2500,,1
13,5,500,,1
13,5,1000,,1
13,5,1500,,1
13,5,2000,,1
13,5,2500,,1
13,6,500,,1
13,6,1000,,1
13,6,1500,,1
13,6,2000,,1
13,6,2500,,1
13,1,500,,3
13,1,1000,,3
13,1,1500,0.542476195,3
13,1,2000,0,3
13,1,2500,0,3
13,2,500,,3
13,2,1000,,3
13,2,1500,,3
13,2,2000,,3
13,2,2500,,3
13,3,500,,3
13,3,1000,,3
13,3,1500,,3
13,3,2000,,3
13,3,2500,,3
13,4,500,,3
13,4,1000,,3
13,4,1500,,3
13,4,2000,,3
13,4,2500,,3
13,5,500,,3
13,5,1000,,3
13,5,1500,,3
13,5,2000,,3
13,5,2500,,3
13,6,500,,3
13,6,1000,,3
13,6,1500,,3
13,6,2000,,3
13,6,2500,,3
13,1,500,,5
13,1,1000,0.903158667,5
13,1,1500,0.364429778,5
13,1,2000,0,5
13,1,2500,0,5
13,2,500,,5
13,2,1000,,5
13,2,1500,,5
13,2,2000,,5
13,2,2500,0.71506009,5
13,3,500,,5
13,3,1000,,5
13,3,1500,,5
13,3,2000,,5
13,3,2500,,5
13,4,500,,5
13,4,1000,,5
13,4,1500,,5
13,4,2000,,5
13,4,2500,,5
13,5,500,,5
13,5,1000,,5
13,5,1500,,5
13,5,2000,,5
13,5,2500,,5
13,6,500,,5
13,6,1000,,5
13,6,1500,,5
13,6,2000,,5
13,6,2500,,5
14,1,500,,1
14,1,1000,,1
14,1,1500,,1
14,1,2000,0,1
14,1,2500,0,1
14,2,500,,1
14,2,1000,,1
14,2,1500,,1
14,2,2000,,1
14,2,2500,,1
14,3,500,,1
14,3,1000,,1
14,3,1500,,1
14,3,2000,,1
14,3,2500,,1
14,4,500,,1
14,4,1000,,1
14,4,1500,,1
14,4,2000,,1
14,4,2500,,1
14,5,500,,1
14,5,1000,,1
14,5,1500,,1
14,5,2000,,1
14,5,2500,,1
14,6,500,,1
14,6,1000,,1
14,6,1500,,1
14,6,2000,,1
14,6,2500,,1
14,1,500,,3
14,1,1000,,3
14,1,1500,0.653105106,3
14,1,2000,0,3
14,1,2500,0,3
14,2,500,,3
14,2,1000,,3
14,2,1500,,3
14,2,2000,,3
14,2,2500,,3
14,3,500,,3
14,3,1000,,3
14,3,1500,,3
14,3,2000,,3
14,3,2500,,3
14,4,500,,3
14,4,1000,,3
14,4,1500,,3
14,4,2000,,3
14,4,2500,,3
14,5,500,,3
14,5,1000,,3
14,5,1500,,3
14,5,2000,,3
14,5,2500,,3
14,6,500,,3
14,6,1000,,3
14,6,1500,,3
14,6,2000,,3
14,6,2500,,3
14,1,500,,5
14,1,1000,0.945198274,5
14,1,1500,0.454475196,5
14,1,2000,0,5
14,1,2500,0,5
14,2,500,,5
14,2,1000,,5
14,2,1500,,5
14,2,2000,,5
14,2,2500,0.78709624,5
14,3,500,,5
14,3,1000,,5
14,3,1500,,5
14,3,2000,,5
14,3,2500,,5
14,4,500,,5
14,4,1000,,5
14,4,1500,,5
14,4,2000,,5
14,4,2500,,5
14,5,500,,5
14,5,1000,,5
14,5,1500,,5
14,5,2000,,5
14,5,2500,,5
14,6,500,,5
14,6,1000,,5
14,6,1500,,5
14,6,2000,,5
14,6,2500,,5
23,1,500,0.252237887,1
23,1,1000,0.159409648,1
23,1,1500,0.094154364,1
23,1,2000,0,1
23,1,2500,0,1
23,2,500,0.655654185,1
23,2,1000,0.258452937,1
23,2,1500,0.206998826,1
23,2,2000,0.163308723,1
23,2,2500,0.135071756,1
23,3,500,,1
23,3,1000,0.567158726,1
23,3,1500,0.298654243,1
23,3,2000,0.246799462,1
23,3,2500,0.215738014,1
23,4,500,,1
23,4,1000,0.792044029,1
23,4,1500,0.362104278,1
23,4,2000,0.281479027,1
23,4,2500,0.238759181,1
23,5,500,,1
23,5,1000,,1
23,5,1500,0.865855113,1
23,5,2000,0.538139994,1
23,5,2500,0.349006496,1
23,6,500,,1
23,6,1000,,1
23,6,1500,,1
23,6,2000,0.914003557,1
23,6,2500,0.67167524,1
23,1,500,0.174025335,3
23,1,1000,0.102540782,3
23,1,1500,0.059471592,3
23,1,2000,0,3
23,1,2500,0,3
23,2,500,0.520717117,3
23,2,1000,0.183081487,3
23,2,1500,0.137563665,3
23,2,2000,0.110730711,3
23,2,2500,0.089930192,3
23,3,500,,3
23,3,1000,0.395992847,3
23,3,1500,0.213813653,3
23,3,2000,0.171177919,3
23,3,2500,0.148394297,3
23,4,500,,3
23,4,1000,0.605282287,3
23,4,1500,0.259482787,3
23,4,2000,0.195752395,3
23,4,2500,0.167031634,3
23,5,500,,3
23,5,1000,,3
23,5,1500,0.657458848,3
23,5,2000,0.342551852,3
23,5,2500,0.243592882,3
23,6,500,,3
23,6,1000,,3
23,6,1500,0.984115342,3
23,6,2000,0.695781521,3
23,6,2500,0.438267948,3
23,1,500,0.163918922,5
23,1,1000,0.090290265,5
23,1,1500,0.051117276,5
23,1,2000,0,5
23,1,2500,0,5
23,2,500,0.480464948,5
23,2,1000,0.171423394,5
23,2,1500,0.12345113,5
23,2,2000,0.097434422,5
23,2,2500,0.077895088,5
23,3,500,,5
23,3,1000,0.359082662,5
23,3,1500,0.197988489,5
23,3,2000,0.158533183,5
23,3,2500,0.133325287,5
23,4,500,,5
23,4,1000,0.558643689,5
23,4,1500,0.244209402,5
23,4,2000,0.182984439,5
23,4,2500,0.154571598,5
23,5,500,,5
23,5,1000,,5
23,5,1500,0.603858059,5
23,5,2000,0.311210706,5
23,5,2500,0.229554358,5
23,6,500,,5
23,6,1000,,5
23,6,1500,0.936964704,5
23,6,2000,0.640272809,5
23,6,2500,0.389968722,5
24,1,500,0.267686763,1
24,1,1000,0.159799464,1
24,1,1500,0.09442149,1
24,1,2000,0,1
24,1,2500,0,1
24,2,500,,1
24,2,1000,0.275310888,1
24,2,1500,0.213761835,1
24,2,2000,0.166682515,1
24,2,2500,0.137296626,1
24,3,500,,1
24,3,1000,,1
24,3,1500,0.353641495,1
24,3,2000,0.26043471,1
24,3,2500,0.223196629,1
24,4,500,,1
24,4,1000,,1
24,4,1500,,1
24,4,2000,0.307791566,1
24,4,2500,0.259379098,1
24,5,500,,1
24,5,1000,,1
24,5,1500,,1
24,5,2000,,1
24,5,2500,,1
24,6,500,,1
24,6,1000,,1
24,6,1500,,1
24,6,2000,,1
24,6,2500,,1
24,1,500,0.18511436,3
24,1,1000,0.106224429,3
24,1,1500,0.061092937,3
24,1,2000,0,3
24,1,2500,0,3
24,2,500,,3
24,2,1000,0.200350534,3
24,2,1500,0.142415599,3
24,2,2000,0.113373578,3
24,2,2500,0.090903647,3
24,3,500,,3
24,3,1000,,3
24,3,1500,0.238784038,3
24,3,2000,0.181457027,3
24,3,2500,0.153244771,3
24,4,500,,3
24,4,1000,,3
24,4,1500,0.370746231,3
24,4,2000,0.211370999,3
24,4,2500,0.173622918,3
24,5,500,,3
24,5,1000,,3
24,5,1500,,3
24,5,2000,,3
24,5,2500,0.298263464,3
24,6,500,,3
24,6,1000,,3
24,6,1500,,3
24,6,2000,,3
24,6,2500,,3
24,1,500,0.17199756,5
24,1,1000,0.0927423,5
24,1,1500,0.052331137,5
24,1,2000,0,5
24,1,2500,0,5
24,2,500,,5
24,2,1000,0.182140589,5
24,2,1500,0.130416367,5
24,2,2000,0.10159262,5
24,2,2500,0.078484792,5
24,3,500,,5
24,3,1000,,5
24,3,1500,0.225596138,5
24,3,2000,0.168909493,5
24,3,2500,0.138608503,5
24,4,500,,5
24,4,1000,,5
24,4,1500,0.309259713,5
24,4,2000,0.199655888,5
24,4,2500,0.162131248,5
24,5,500,,5
24,5,1000,,5
24,5,1500,,5
24,5,2000,,5
24,5,2500,0.271113498,5
24,6,500,,5
24,6,1000,,5
24,6,1500,,5
24,6,2000,,5
24,6,2500,,5
34,1,500,,1
34,1,1000,,1
34,1,1500,,1
34,1,2000,0,1
34,1,2500,0,1
34,2,500,,1
34,2,1000,,1
34,2,1500,,1
34,2,2000,,1
34,2,2500,,1
34,3,500,,1
34,3,1000,,1
34,3,1500,,1
34,3,2000,,1
34,3,2500,,1
34,4,500,,1
34,4,1000,,1
34,4,1500,,1
34,4,2000,,1
34,4,2500,,1
34,5,500,,1
34,5,1000,,1
34,5,1500,,1
34,5,2000,,1
34,5,2500,,1
34,6,500,,1
34,6,1000,,1
34,6,1500,,1
34,6,2000,,1
34,6,2500,,1
34,1,500,,3
34,1,1000,,3
34,1,1500,,3
34,1,2000,0,3
34,1,2500,0,3
34,2,500,,3
34,2,1000,,3
34,2,1500,,3
34,2,2000,,3
34,2,2500,,3
34,3,500,,3
34,3,1000,,3
34,3,1500,,3
34,3,2000,,3
34,3,2500,,3
34,4,500,,3
34,4,1000,,3
34,4,1500,,3
34,4,2000,,3
34,4,2500,,3
34,5,500,,3
34,5,1000,,3
34,5,1500,,3
34,5,2000,,3
34,5,2500,,3
34,6,500,,3
34,6,1000,,3
34,6,1500,,3
34,6,2000,,3
34,6,2500,,3
34,1,500,,5
34,1,1000,,5
34,1,1500,0.804285393,5
34,1,2000,0,5
34,1,2500,0,5
34,2,500,,5
34,2,1000,,5
34,2,1500,,5
34,2,2000,,5
34,2,2500,,5
34,3,500,,5
34,3,1000,,5
34,3,1500,,5
34,3,2000,,5
34,3,2500,,5
34,4,500,,5
34,4,1000,,5
34,4,1500,,5
34,4,2000,,5
34,4,2500,,5
34,5,500,,5
34,5,1000,,5
34,5,1500,,5
34,5,2000,,5
34,5,2500,,5
34,6,500,,5
34,6,1000,,5
34,6,1500,,5
34,6,2000,,5
34,6,2500,,5
123,1,500,0.227904829,1
123,1,1000,0.149660117,1
123,1,1500,0.088801246,1
123,1,2000,0,1
123,1,2500,0,1
123,2,500,0.346264556,1
123,2,1000,0.239050425,1
123,2,1500,0.196729648,1
123,2,2000,0.157837446,1
123,2,2500,0.129449287,1
123,3,500,0.573359337,1
123,3,1000,0.335554286,1
123,3,1500,0.266325193,1
123,3,2000,0.232127849,1
123,3,2500,0.202648719,1
123,4,500,0.638088636,1
123,4,1000,0.384849324,1
123,4,1500,0.294227866,1
123,4,2000,0.249828194,1
123,4,2500,0.233515635,1
123,5,500,0.764735279,1
123,5,1000,0.570292806,1
123,5,1500,0.413043764,1
123,5,2000,0.325535802,1
123,5,2500,0.286827254,1
123,6,500,0.830017268,1
123,6,1000,0.679732064,1
123,6,1500,0.54809208,1
123,6,2000,0.435129998,1
123,6,2500,0.360793421,1
123,1,500,0.157029012,3
123,1,1000,0.097798247,3
123,1,1500,0.056607132,3
123,1,2000,0,3
123,1,2500,0,3
123,2,500,0.272864564,3
123,2,1000,0.166921505,3
123,2,1500,0.130547783,3
123,2,2000,0.10714603,3
123,2,2500,0.085033892,3
123,3,500,0.48452996,3
123,3,1000,0.252491296,3
123,3,1500,0.187643227,3
123,3,2000,0.158025093,3
123,3,2500,0.139403451,3
123,4,500,0.548375672,3
123,4,1000,0.295881174,3
123,4,1500,0.211169653,3
123,4,2000,0.177226844,3
123,4,2500,0.15256036,3
123,5,500,0.682700662,3
123,5,1000,0.463547526,3
123,5,1500,0.311437579,3
123,5,2000,0.240310692,3
123,5,2500,0.203829275,3
123,6,500,0.755863838,3
123,6,1000,0.576760669,3
123,6,1500,0.432232107,3
123,6,2000,0.322793571,3
123,6,2500,0.263510225,3
123,1,500,0.142243337,5
123,1,1000,0.085705803,5
123,1,1500,0.049201818,5
123,1,2000,0,5
123,1,2500,0,5
123,2,500,0.2546867,5
123,2,1000,0.152992167,5
123,2,1500,0.11655145,5
123,2,2000,0.093445218,5
123,2,2500,0.074731547,5
123,3,500,0.442992041,5
123,3,1000,0.234960043,5
123,3,1500,0.172216994,5
123,3,2000,0.143438853,5
123,3,2500,0.123815512,5
123,4,500,0.506187761,5
123,4,1000,0.271635486,5
123,4,1500,0.197239795,5
123,4,2000,0.162449227,5
123,4,2500,0.14052589,5
123,5,500,0.640138019,5
123,5,1000,0.423094341,5
123,5,1500,0.288136497,5
123,5,2000,0.224735782,5
123,5,2500,0.19028268,5
123,6,500,0.715985255,5
123,6,1000,0.533566404,5
123,6,1500,0.393239401,5
123,6,2000,0.298596215,5
123,6,2500,0.247055605,5
124,1,500,0.234221534,1
124,1,1000,0.152675598,1
124,1,1500,0.089971897,1
124,1,2000,0,1
124,1,2500,0,1
124,2,500,0.418223524,1
124,2,1000,0.243135577,1
124,2,1500,0.200488523,1
124,2,2000,0.164396282,1
124,2,2500,0.131338544,1
124,3,500,0.707378192,1
124,3,1000,0.391909652,1
124,3,1500,0.281523017,1
124,3,2000,0.235532771,1
124,3,2500,0.211923865,1
124,4,500,0.765331758,1
124,4,1000,0.490565635,1
124,4,1500,0.316402676,1
124,4,2000,0.261295357,1
124,4,2500,0.240800449,1
124,5,500,0.864416745,1
124,5,1000,0.703839299,1
124,5,1500,0.533811032,1
124,5,2000,0.383220865,1
124,5,2500,0.311842122,1
124,6,500,0.908510801,1
124,6,1000,0.79937428,1
124,6,1500,0.682448231,1
124,6,2000,0.562789954,1
124,6,2500,0.438042472,1
124,1,500,0.1641105,3
124,1,1000,0.100836055,3
124,1,1500,0.057918306,3
124,1,2000,0,3
124,1,2500,0,3
124,2,500,0.324907805,3
124,2,1000,0.173236718,3
124,2,1500,0.134402328,3
124,2,2000,0.109195297,3
124,2,2500,0.087230022,3
124,3,500,0.608262825,3
124,3,1000,0.284811524,3
124,3,1500,0.19730862,3
124,3,2000,0.16338024,3
124,3,2500,0.14445553,3
124,4,500,0.675335659,3
124,4,1000,0.363312433,3
124,4,1500,0.228649393,3
124,4,2000,0.185656837,3
124,4,2500,0.15943283,3
124,5,500,0.796645609,3
124,5,1000,0.586111233,3
124,5,1500,0.388414949,3
124,5,2000,0.271221062,3
124,5,2500,0.217946641,3
124,6,500,0.854410127,3
124,6,1000,0.699663591,3
124,6,1500,0.549498382,3
124,6,2000,0.405871771,3
124,6,2500,0.302497173,3
124,1,500,0.149792441,5
124,1,1000,0.08836516,5
124,1,1500,0.049954858,5
124,1,2000,0,5
124,1,2500,0,5
124,2,500,0.293516564,5
124,2,1000,0.158870975,5
124,2,1500,0.119170328,5
124,2,2000,0.095166979,5
124,2,2500,0.075258283,5
124,3,500,0.553946955,5
124,3,1000,0.263264149,5
124,3,1500,0.182342171,5
124,3,2000,0.147422898,5
124,3,2500,0.127938263,5
124,4,500,0.620708158,5
124,4,1000,0.323875447,5
124,4,1500,0.212826898,5
124,4,2000,0.169675144,5
124,4,2500,0.143771342,5
124,5,500,0.750830313,5
124,5,1000,0.529347766,5
124,5,1500,0.343506008,5
124,5,2000,0.248727164,5
124,5,2500,0.204625702,5
124,6,500,0.816787091,5
124,6,1000,0.64627984,5
124,6,1500,0.49183596,5
124,6,2000,0.355723428,5
124,6,2500,0.276637563,5
134,1,500,,1
134,1,1000,,1
134,1,1500,,1
134,1,2000,0,1
134,1,2500,0,1
134,2,500,,1
134,2,1000,,1
134,2,1500,,1
134,2,2000,,1
134,2,2500,,1
134,3,500,,1
134,3,1000,,1
134,3,1500,,1
134,3,2000,,1
134,3,2500,,1
134,4,500,,1
134,4,1000,,1
134,4,1500,,1
134,4,2000,,1
134,4,2500,,1
134,5,500,,1
134,5,1000,,1
134,5,1500,,1
134,5,2000,,1
134,5,2500,,1
134,6,500,,1
134,6,1000,,1
134,6,1500,,1
134,6,2000,,1
134,6,2500,,1
134,1,500,,3
134,1,1000,,3
134,1,1500,0.520997618,3
134,1,2000,0,3
134,1,2500,0,3
134,2,500,,3
134,2,1000,,3
134,2,1500,,3
134,2,2000,,3
134,2,2500,,3
134,3,500,,3
134,3,1000,,3
134,3,1500,,3
134,3,2000,,3
134,3,2500,,3
134,4,500,,3
134,4,1000,,3
134,4,1500,,3
134,4,2000,,3
134,4,2500,,3
134,5,500,,3
134,5,1000,,3
134,5,1500,,3
134,5,2000,,3
134,5,2500,,3
134,6,500,,3
134,6,1000,,3
134,6,1500,,3
134,6,2000,,3
134,6,2500,,3
134,1,500,,5
134,1,1000,0.889341483,5
134,1,1500,0.343769846,5
134,1,2000,0,5
134,1,2500,0,5
134,2,500,,5
134,2,1000,,5
134,2,1500,,5
134,2,2000,,5
134,2,2500,0.676554175,5
134,3,500,,5
134,3,1000,,5
134,3,1500,,5
134,3,2000,,5
134,3,2500,,5
134,4,500,,5
134,4,1000,,5
134,4,1500,,5
134,4,2000,,5
134,4,2500,,5
134,5,500,,5
134,5,1000,,5
134,5,1500,,5
134,5,2000,,5
134,5,2500,,5
134,6,500,,5
134,6,1000,,5
134,6,1500,,5
134,6,2000,,5
134,6,2500,,5
234,1,500,0.252670532,1
234,1,1000,0.156247875,1
234,1,1500,0.092394547,1
234,1,2000,0,1
234,1,2500,0,1
234,2,500,0.646122576,1
234,2,1000,0.258405756,1
234,2,1500,0.206956346,1
234,2,2000,0.163115982,1
234,2,2500,0.134610122,1
234,3,500,,1
234,3,1000,0.553598097,1
234,3,1500,0.295873774,1
234,3,2000,0.245215377,1
234,3,2500,0.214551676,1
234,4,500,,1
234,4,1000,0.770144957,1
234,4,1500,0.357283266,1
234,4,2000,0.279353877,1
234,4,2500,0.237466414,1
234,5,500,,1
234,5,1000,,1
234,5,1500,0.841125563,1
234,5,2000,0.516994318,1
234,5,2500,0.334920592,1
234,6,500,,1
234,6,1000,,1
234,6,1500,,1
234,6,2000,0.885366803,1
234,6,2500,0.646373097,1
234,1,500,0.170286075,3
234,1,1000,0.102856633,3
234,1,1500,0.058960215,3
234,1,2000,0,3
234,1,2500,0,3
234,2,500,0.509723506,3
234,2,1000,0.182029506,3
234,2,1500,0.136613598,3
234,2,2000,0.110134705,3
234,2,2500,0.088611035,3
234,3,500,,3
234,3,1000,0.381228956,3
234,3,1500,0.210833322,3
234,3,2000,0.170754704,3
234,3,2500,0.14373461,3
234,4,500,,3
234,4,1000,0.591110256,3
234,4,1500,0.255830723,3
234,4,2000,0.191267677,3
234,4,2500,0.165091984,3
234,5,500,,3
234,5,1000,,3
234,5,1500,0.632116541,3
234,5,2000,0.326612611,3
234,5,2500,0.239572621,3
234,6,500,,3
234,6,1000,,3
234,6,1500,0.950133435,3
234,6,2000,0.654673153,3
234,6,2500,0.407418345,3
234,1,500,0.158167419,5
234,1,1000,0.090008756,5
234,1,1500,0.050582377,5
234,1,2000,0,5
234,1,2500,0,5
234,2,500,0.46876359,5
234,2,1000,0.169881915,5
234,2,1500,0.122767673,5
234,2,2000,0.097311056,5
234,2,2500,0.076704742,5
234,3,500,,5
234,3,1000,0.348370221,5
234,3,1500,0.19832896,5
234,3,2000,0.155567839,5
234,3,2500,0.13200924,5
234,4,500,,5
234,4,1000,0.535442834,5
234,4,1500,0.242442817,5
234,4,2000,0.179803611,5
234,4,2500,0.151526324,5
234,5,500,,5
234,5,1000,0.988623113,5
234,5,1500,0.575217687,5
234,5,2000,0.298425518,5
234,5,2500,0.225113451,5
234,6,500,,5
234,6,1000,,5
234,6,1500,0.896744526,5
234,6,2000,0.596373497,5
234,6,2500,0.361928967,5
1234,1,500,0.227496818,1
1234,1,1000,0.150544866,1
1234,1,1500,0.088704282,1
1234,1,2000,0,1
1234,1,2500,0,1
1234,2,500,0.346777521,1
1234,2,1000,0.238375181,1
1234,2,1500,0.196111112,1
1234,2,2000,0.157459186,1
1234,2,2500,0.129117117,1
1234,3,500,0.568112236,1
1234,3,1000,0.333114171,1
1234,3,1500,0.263284407,1
1234,3,2000,0.230681669,1
1234,3,2500,0.201940197,1
1234,4,500,0.632644433,1
1234,4,1000,0.381022404,1
1234,4,1500,0.295258262,1
1234,4,2000,0.247892881,1
1234,4,2500,0.225170934,1
1234,5,500,0.76009114,1
1234,5,1000,0.56375372,1
1234,5,1500,0.406610092,1
1234,5,2000,0.32832954,1
1234,5,2500,0.286215758,1
1234,6,500,0.825496042,1
1234,6,1000,0.674490288,1
1234,6,1500,0.540581073,1
1234,6,2000,0.425840195,1
1234,6,2500,0.356581736,1
1234,1,500,0.15736783,3
1234,1,1000,0.098141461,3
1234,1,1500,0.056345998,3
1234,1,2000,0,3
1234,1,2500,0,3
1234,2,500,0.269638687,3
1234,2,1000,0.164291665,3
1234,2,1500,0.129195691,3
1234,2,2000,0.105680341,3
1234,2,2500,0.084766887,3
1234,3,500,0.480581791,3
1234,3,1000,0.246881252,3
1234,3,1500,0.185091435,3
1234,3,2000,0.157141253,3
1234,3,2500,0.136920174,3
1234,4,500,0.544419748,3
1234,4,1000,0.293551223,3
1234,4,1500,0.209660001,3
1234,4,2000,0.174722121,3
1234,4,2500,0.15284323,3
1234,5,500,0.678929441,3
1234,5,1000,0.457126759,3
1234,5,1500,0.303895558,3
1234,5,2000,0.237394552,3
1234,5,2500,0.201251517,3
1234,6,500,0.752189107,3
1234,6,1000,0.569659995,3
1234,6,1500,0.423635049,3
1234,6,2000,0.31725515,3
1234,6,2500,0.257721869,3
1234,1,500,0.142857605,5
1234,1,1000,0.084889073,5
1234,1,1500,0.048657182,5
1234,1,2000,0,5
1234,1,2500,0,5
1234,2,500,0.256124162,5
1234,2,1000,0.148439327,5
1234,2,1500,0.114055629,5
1234,2,2000,0.09187721,5
1234,2,2500,0.072996012,5
1234,3,500,0.438859248,5
1234,3,1000,0.231665568,5
1234,3,1500,0.170822904,5
1234,3,2000,0.14220829,5
1234,3,2500,0.121674019,5
1234,4,500,0.50041844,5
1234,4,1000,0.270666341,5
1234,4,1500,0.19516996,5
1234,4,2000,0.159276589,5
1234,4,2500,0.13784247,5
1234,5,500,0.634700396,5
1234,5,1000,0.416518979,5
1234,5,1500,0.281793732,5
1234,5,2000,0.220697214,5
1234,5,2500,0.187690342,5
1234,6,500,0.711314826,5
1234,6,1000,0.524573014,5
1234,6,1500,0.384595956,5
1234,6,2000,0.29125626,5
1234,6,2500,0.240216561,5
